index_of_moderated_mediation,bootstrap_repetitions,bootstrap_ci_low,bootstrap_ci_high,a_by_w_interaction,b_path
-0.1111405371764046,5000,-0.19285697794266257,-0.0371159075793435,-0.18242692220983442,0.60923319776544