score_sd,alpha_reliability,sem_from_alpha,individual_approx_95_error_band_plus_minus
8.12385577496484,0.9060532227410811,2.4900217923438737,4.880442712993992