effect,F Value,Num DF,Den DF,Pr > F
time,32.22424982653019,2.0,302.0,2.0658236876772147e-13