quantity,estimate,standard_error,ci_low,ci_high,p_value
a path: intervention to self-efficacy,4.444242015136977,0.6163963519990079,3.236127365017048,5.652356665256907,5.59356690436639e-13
b path: self-efficacy to final score,0.5804687168160407,0.06881780845267116,0.44558829075382916,0.7153491428782524,3.315938670076047e-17
total effect c,4.626490643828231,0.8991514913443646,2.8641861041477985,6.388795183508664,2.6695681759644756e-07
direct effect c-prime,2.046747184081741,0.8899595689386232,0.302458481265248,3.791035886898234,0.021458396436223923
indirect effect a*b,2.579743459746496,0.4707015178942605,1.734063204407448,3.4812234224367415,4.2380074118186815e-08