predictor,vif,tolerance
study_hours_c,1.0110433330439255,0.9890772900794691
workload_c,1.0083723561510616,0.9916971581975742
study_hours_c:workload_c,1.012274658707003,0.9878741815756983
prior_score,1.0032028306401608,0.9968073947338078