parameter,coefficient,standard_error,p_value,ci_low_coefficient,ci_high_coefficient,incidence_rate_ratio,irr_ci_low,irr_ci_high
Intercept,-2.4400807018151216,0.15411801152430174,1.855546651831275e-56,-2.742146453771682,-2.138014949858561,0.08715381770688299,0.06443189826848293,0.11788862574300554
"C(delivery_format, Treatment(reference='Face-to-face'))[T.Hybrid]",0.42332234521718887,0.07364551939478321,9.024798136163041e-09,0.2789797795806677,0.56766491085371,1.5270264463125298,1.3217806166409884,1.7641428073469936
"C(delivery_format, Treatment(reference='Face-to-face'))[T.Online]",0.4617071466978134,0.07633726258256329,1.464240672082146e-09,0.31208886135761227,0.6113254320380145,1.5867805412540268,1.3662760967841823,1.8428723828432363
"C(employment_status, Treatment(reference='Not employed'))[T.Part-time]",0.05001402606362554,0.0704239578430552,0.4775895309106204,-0.08801439495752972,0.1880424470847808,1.0512858416747186,0.915747694479277,1.2068847430013723
"C(employment_status, Treatment(reference='Not employed'))[T.Full-time]",0.1945182234790236,0.07772068261717381,0.012322008198169842,0.04218848469549469,0.3468479622625525,1.2147256192101834,1.0430910669253728,1.414601636187851
stress_score,0.039732082244821845,0.004595313212387904,5.323412329600066e-18,0.030725433850860493,0.0487387306387832,1.0405319598575244,1.0312023317603465,1.0499459961816342