n_subjects,n_measurements,ms_subject,ms_measurement,ms_error,icc_absolute_single,icc_absolute_average,icc_consistency_single,icc_bootstrap_ci_low,icc_bootstrap_ci_high,pearson_correlation,pearson_p,mean_change_time2_minus_time1,sd_change,bland_altman_lower_limit,bland_altman_upper_limit,sem,mdc95
130,2,98.33787161598092,23.25622153846122,7.632549445438284,0.8540123487384437,0.9212585334931057,0.8559494362862906,0.7971372450637875,0.8920240279670397,0.8812102077057109,1.7836263930318758e-43,0.598153846153846,3.9070575745535883,-7.059678999971187,8.25598669227888,2.778206152931147,7.700794568265473