scale,complete_case_n,number_of_items,cronbach_alpha,standardized_alpha,one_factor_omega_total,split_half_correlation,spearman_brown,alpha_bootstrap_ci_low,alpha_bootstrap_ci_high
Draft 12-item scale,328,12,0.9062856957786275,0.9053925078188202,0.9071946389733375,0.8050560171786239,0.8920011451356055,,
Final 9-item scale,333,9,0.9060532227410811,0.9058234210378272,0.9063391666781607,0.8264746877931679,0.9049944062370262,0.8903648730132894,0.918506119337368