teaching_method,n,mean,sd,median,minimum,maximum
Lecture,42,71.97619047619048,9.02937778489449,70.8,49.0,93.8
Flipped classroom,46,76.89565217391304,9.34613304519847,78.25,54.9,90.6
Collaborative learning,44,79.7840909090909,11.322152461596529,82.55,48.7,100.0
Adaptive digital,40,84.27250000000001,12.38212084687703,85.1,52.0,100.0