parameter,coefficient,standard_error,p_value,ci_low_coefficient,ci_high_coefficient,multiplicative_mean_ratio,ratio_ci_low,ratio_ci_high
Intercept,3.8321990150376632,0.08351273818193475,0.0,3.668517055950748,3.9958809741245784,46.16394190169642,39.19374061864604,54.37372137145155
task_complexity,0.15771308517470484,0.016111218855331726,1.2550319667657966e-22,0.12613567647121202,0.18929049387819766,1.1708302179641825,1.1344360741254411,1.2083919319604368
team_size,-0.06168624387283339,0.010465067687475915,3.758388253463659e-09,-0.08219739963606006,-0.041175088109606725,0.9401778270728793,0.9210901178952341,0.9596610899912194
digital_support,-0.10930927736273627,0.04497340722022056,0.015076700577899314,-0.1974555357764222,-0.021163018949050344,0.8964531219624525,0.8208166367907866,0.9790593463337173
prior_experience_years,-0.010613352869499807,0.007359387762842609,0.14925960982010444,-0.02503748783293612,0.0038107820939365065,0.9894427700338576,0.9752733504586009,1.0038180523562152