parameter,coefficient,robust_standard_error,p_value,ci_low_coefficient,ci_high_coefficient,incidence_rate_ratio,irr_ci_low,irr_ci_high
Intercept,-2.4400807018151216,0.3181479665076859,1.7247834932923606e-14,-3.0636392579248413,-1.816522145705402,0.08715381770688299,0.04671736892223229,0.1625902339134051
"C(delivery_format, Treatment(reference='Face-to-face'))[T.Hybrid]",0.42332234521718887,0.14553290573829808,0.003628489559626144,0.13808309140466207,0.7085615990297156,1.5270264463125298,1.1480709411381942,2.031067666799513
"C(delivery_format, Treatment(reference='Face-to-face'))[T.Online]",0.4617071466978134,0.14345737015390653,0.0012889554643830806,0.1805358678793253,0.7428784255163015,1.5867805412540268,1.197859085375093,2.1019771998590175
"C(employment_status, Treatment(reference='Not employed'))[T.Part-time]",0.05001402606362554,0.13853097163202124,0.7180759987303054,-0.221501689078476,0.3215297412057271,1.0512858416747186,0.8013145686636014,1.379236025558515
"C(employment_status, Treatment(reference='Not employed'))[T.Full-time]",0.1945182234790236,0.16559183821615997,0.24012082308328697,-0.1300358155584333,0.5190722625164805,1.2147256192101834,0.8780639820055287,1.6804678932340864
stress_score,0.039732082244821845,0.010674515090729022,0.00019753831143424979,0.018810417114563653,0.06065374737508004,1.0405319598575244,1.0189884475340674,1.0625309463567232