comparison,delta_r_squared,df_num,df_denom,f_value,p_value,partial_r_squared
Model 1 versus Model 2,0.2614940943484515,4.0,262.0,41.292116915072675,7.981149168215133e-27,0.3866588481236923
Model 2 versus Model 3,0.014425912738375013,4.0,258.0,2.324020007165425,0.05704067112735703,0.03477821308739319
Model 3 versus Model 4,0.01256699650038784,1.0,257.0,8.328211993935911,0.004234938138313106,0.031388339488475706