parameter,estimate,hc3_standard_error,t_value,p_value,ci_low,ci_high
Intercept,42.67703346471643,2.6863133697285053,15.886841031145083,7.816877822064593e-57,37.41195600886013,47.94211092057273
study_hours_c,1.312226415895223,0.14859538579446435,8.830869201485713,1.0386539107213733e-18,1.0209848114692381,1.603468020321208
workload_c,-0.11515168026249184,0.04429853079140181,-2.599446938877765,0.0093374112785182,-0.201975205181678,-0.028328155343305683
study_hours_c:workload_c,-0.10907074609744509,0.017572303583331044,-6.206969142105466,5.401619944668392e-10,-0.14351182824617809,-0.07462966394871211
prior_score,0.3563409448592802,0.03950207552672865,9.020815744685768,1.866938617012584e-19,0.27891829951231095,0.43376359020624944