,prior_score,study_hours,online_engagement,attendance_rate,academic_self_efficacy,final_score
prior_score,1.0,0.37002695789134926,0.2257485697174724,0.24713318951335225,0.3999104361978674,0.5689538601013164
study_hours,0.37002695789134926,1.0,0.5868306025808582,0.28714234628776275,0.3851222028210854,0.6631847226030586
online_engagement,0.2257485697174724,0.5868306025808582,1.0,0.08844938479129445,0.19938380814976725,0.4707049177879025
attendance_rate,0.24713318951335225,0.28714234628776275,0.08844938479129445,1.0,0.2017861766861319,0.34741621491874886
academic_self_efficacy,0.3999104361978674,0.3851222028210854,0.19938380814976725,0.2017861766861319,1.0,0.34698514408567077
final_score,0.5689538601013164,0.6631847226030586,0.4707049177879025,0.34741621491874886,0.34698514408567077,1.0