,Preparation,Self-efficacy,Performance
Preparation,1.0,0.534489269801741,0.5867839173887561
Self-efficacy,0.534489269801741,1.0,0.6765020519418862
Performance,0.5867839173887561,0.6765020519418862,1.0