eta_squared,omega_squared
0.14917739849835615,0.13330900493355796