parameter,coefficient,robust_standard_error,p_value,ci_low_coefficient,ci_high_coefficient,multiplicative_mean_ratio,ratio_ci_low,ratio_ci_high
Intercept,3.8321990150376632,0.08239473344267477,0.0,3.6707083049742426,3.993689725101084,46.16394190169642,39.27971802905982,54.254705451973216
task_complexity,0.15771308517470484,0.01618632748778333,1.9647000978898136e-22,0.1259884662566788,0.18943770409273086,1.1708302179641825,1.1342690858390871,1.2085698326900618
team_size,-0.06168624387283339,0.010796736828856946,1.1073085004733182e-08,-0.0828474592079502,-0.040525028537716584,0.9401778270728793,0.9204915490213144,0.960285129678049
digital_support,-0.10930927736273627,0.04506657377040828,0.01528703288146431,-0.19763813885935397,-0.020980415866118568,0.8964531219624525,0.8206667668261621,0.9792381419125462
prior_experience_years,-0.010613352869499807,0.007096399676655689,0.13475874941701133,-0.024522040655646643,0.003295334916647028,0.9894427700338576,0.9757761819345799,1.0033007705018047