factor,composite_reliability,average_variance_extracted,minimum_loading,maximum_loading
Preparation,0.8105248254404439,0.58972354412515,0.700848054716411,0.8599958411247793
Self-efficacy,0.8285811721268984,0.6186555280621082,0.715343480791887,0.8711889160735548
Performance,0.8261888326672805,0.6138646470739892,0.7448198402497546,0.8458983941801019