method,statistic,df_num,df_denom,p_value
Classical one-way ANOVA,9.818655852775617,3.0,168.0,5.29368830027854e-06
Welch ANOVA,9.672656390587791,3.0,91.72176602362168,1.307119269460253e-05
Brown-Forsythe variance test,1.3289180712183777,3.0,168.0,0.26670950434533713