variable,count,mean,std,min,median,max
prior_score,268.0,66.62798507462688,10.772961734783163,37.9,66.45,93.0
study_hours,268.0,7.150373134328359,2.9214882325979197,1.0,7.1,19.0
online_engagement,268.0,63.64440298507463,12.780826229860638,24.2,63.650000000000006,98.0
attendance_rate,268.0,81.32276119402985,9.55922817405161,56.7,82.0,100.0
academic_self_efficacy,268.0,44.010074626865666,6.810545578773575,25.6,44.349999999999994,55.0
final_score,268.0,65.91455223880597,12.269543494016721,37.2,65.7,100.0