item,doctoral_deviation
q4,0.4298840246174054
q9,-0.47158131708623285