indicator,total_n,observed_n,missing_n,missing_percent,mean,sd,skewness,excess_kurtosis
prep1,420,413,7,1.6666666666666667,50.20554479418886,10.638002039129233,-0.2660731617077915,0.40017301269373107
prep2,420,413,7,1.6666666666666667,50.622905569007266,10.347636228519061,-0.29413020572794807,-0.0061320667913942195
prep3,420,413,7,1.6666666666666667,50.940992736077476,10.383835259271724,-0.2407380374848087,-0.16026752663123967
eff1,420,413,7,1.6666666666666667,49.7128813559322,10.585775658367576,-0.06591747824868395,-0.13410447776160428
eff2,420,413,7,1.6666666666666667,49.82377723970944,10.535656115093172,-0.08880951918580178,-0.19222452101790388
eff3,420,413,7,1.6666666666666667,50.40513317191283,10.473743977536374,0.030459204442002934,-0.30485899460393373
perf1,420,413,7,1.6666666666666667,50.05125907990314,10.2826634362362,0.08138903413172,-0.06713240003500243
perf2,420,413,7,1.6666666666666667,50.439806295399514,9.56023309122241,-0.051026007260881155,0.07796196904792652
perf3,420,413,7,1.6666666666666667,50.08726392251816,10.186833307535549,-0.12458361323601767,-0.29329317985102943