group,mean,mean_ci_lower,mean_ci_upper
Control,65.84835539445437,64.00728503092266,67.68942575798609
Workshop,70.31784238970246,68.53272551281118,72.10295926659374
Blended,71.94573529518121,69.89045041258166,74.00102017778076