moderator_level,workload_c,workload_original_scale,simple_slope,standard_error,t_value,df,p_value,ci_low,ci_high
Low workload: mean - 1 SD,-10.226757815042042,39.42036718495796,2.427666520939736,0.2617998771805767,9.272985713684086,315.0,2.968789746720035e-18,1.9125691019932471,2.942763939886225
Mean workload,0.0,49.647125,1.312226415895223,0.14859538579446435,8.830869201485713,315.0,7.380436776053295e-17,1.0198614976439737,1.6045913341464724
High workload: mean + 1 SD,10.226757815042042,59.873882815042045,0.1967863108507102,0.20052858029014156,0.9813379746965907,315.0,0.3271792062449624,-0.19775838964664777,0.5913310113480681