comparison,median_difference,mean_difference,statistic,p_value_unadjusted,p_value_holm
Post minus Baseline,-3.7499999999999982,-3.633333333333333,222.0,8.886620952405438e-10,1.7773241904810877e-09
Follow-up minus Baseline,-5.700000000000003,-6.305555555555555,136.0,3.825948157748166e-11,1.1477844473244498e-10
Follow-up minus Post,-3.05,-2.672222222222222,681.0,0.0003819098504229861,0.0003819098504229861