n,mean_count,variance_count,zero_fraction,mean_exposure_months,poisson_dispersion,estimated_nb_alpha
360,3.058333333333333,14.077367688022283,0.26944444444444443,7.9374722222222225,3.598187436799795,0.9324771461956141