model,log_likelihood,aic,bic,pearson_dispersion,alpha,observed_zero_fraction,predicted_zero_fraction
Poisson,-1010.5660267842607,2033.1320535685213,,3.598187436799795,0.0,0.26944444444444443,0.0972932647934299
Negative binomial NB2,-786.3236470118512,1586.6472940237024,1613.8500222438536,,0.9324771461956141,0.26944444444444443,0.2694282722470885