workload_c_root,workload_original_scale
8.728451277096646,58.37557627709665
17.52028533014595,67.16741033014596