item,validation_n,observed_n,missing_n,missing_percent,mean,sd,skewness,excess_kurtosis
q1,140,139,1,0.7142857142857143,2.884892086330935,1.2103367401273653,0.07473097562699688,-0.850801442895901
q2,140,137,3,2.142857142857143,3.051094890510949,1.1901629144736476,-0.020127555873891995,-0.8194729663999376
q3,140,138,2,1.4285714285714286,2.9420289855072466,1.2716339046576557,0.11005620749625564,-1.0118617399935943
q4,140,140,0,0.0,2.807142857142857,1.1746508960735758,0.3015703685297679,-0.6919967854460243
q5,140,139,1,0.7142857142857143,2.856115107913669,1.151943229523686,0.14169338578252963,-0.6931283522198042
q6,140,137,3,2.142857142857143,2.832116788321168,1.2281582520760712,0.10861901102686777,-0.9992105142055885
q7,140,138,2,1.4285714285714286,3.1159420289855073,1.1842794092791482,-0.12061291820723462,-0.7444868163799918
q8,140,139,1,0.7142857142857143,2.9784172661870505,1.2479991284561278,0.1320755756351901,-0.9653225866642248
q9,140,140,0,0.0,2.8642857142857143,1.1887404269528938,0.2142937955743052,-0.7636125120957074