random_intercept_variance,random_slope_variance,intercept_slope_covariance,residual_variance,icc_time_zero,lr_random_slope,lr_df_approx,lr_p_approx
30.77859313804628,1.2921810643162661,2.40017972445829,33.162664536878424,0.48135733104474826,2.558850623383478,2,0.27819713116104555