,General factor,Redundancy factor
General factor,1.0,0.6872575233174164
Redundancy factor,0.6872575233174163,1.0000000000000002