group1,group2,mean_difference,standard_error,df,q_statistic,adjusted_p,ci_low,ci_high
Adaptive digital,Collaborative learning,4.4884090909091015,1.8366216041991392,79.27804689280659,2.4438398637188397,0.31617501446107243,-2.328066333714535,11.304884515532738
Adaptive digital,Flipped classroom,7.376847826086973,1.6929028872004133,71.91720692872447,4.357513878593598,0.015144417362036755,1.079977801429962,13.673717850743984
Adaptive digital,Lecture,12.296309523809526,1.6991329220206985,71.14766171347954,7.2368143565755325,1.4859967440772337e-05,5.974650612261313,18.61796843535774
Collaborative learning,Flipped classroom,2.8884387351778713,1.5511854131069718,83.44630857474208,1.8620847712798088,0.555012383197146,-2.8625085807274697,8.639386051083212
Collaborative learning,Lecture,7.807900432900425,1.557982248627676,81.46186904590623,5.011546466449082,0.003603760875497408,2.028891448780798,13.586909417020053
Flipped classroom,Lecture,4.919461697722554,1.3856586720832171,85.71581129858586,3.55026948326789,0.06539139930965499,-0.21503774428888622,10.053961139733993