method,estimate,ci_low,ci_high,p_value
Pearson,0.5977178353241305,0.4977135199083801,0.682038471101197,8.682968986398912e-20
Pearson bootstrap,0.5977178353241305,0.48203902568742224,0.6937422513001488,
Spearman,0.6492344844310592,0.5583499891992728,0.7236948032320727,4.026549146012055e-24
Kendall,0.4610960327328597,,,6.176173779170093e-21
Permutation Pearson test,0.5977178353241305,,,9.999000099990002e-05