effect,unstandardised_estimate,standardised_estimate,mc_ci_low,mc_ci_high,standardised_mc_ci_low,standardised_mc_ci_high
Indirect effect a*b,0.2574256377851736,0.2715184273340277,0.17889374780164163,0.34527508313489763,0.19483055468441413,0.34983124730775456
Direct effect c',0.2989020695422348,0.3152654900547284,0.1774490283513576,0.4215847048014605,,
Total effect c' + a*b,0.5563277073274084,0.5867839173887561,0.43635450272917803,0.6743533049497471,0.4884274558112169,0.6691902081121014