item,unstandardised_loading,standard_error,z_value,p_value,ci_low,ci_high,standardised_loading,indicator_r_squared,residual_variance
q1,0.9548270506414003,0.09515359450422639,10.034587296636388,1.0740761745494462e-23,0.7683260054131166,1.141328095869684,0.7750573154571269,0.6007138422436082,0.6059908177032901
q2,0.8764411577606167,0.09436967384549344,9.287317864376305,1.5822514115235346e-20,0.6914765970234495,1.0614057184977839,0.7343118665904883,0.5392139174156071,0.6564229976041197
q3,0.9734173104881152,0.09789076800541495,9.943913305841766,2.6808392166737675e-23,0.7815514051975019,1.1652832157787285,0.7710793079352567,0.5945632991259144,0.6461347397432087
q4,0.8851063146298691,0.09440846056913109,9.375285957361262,6.898850647458764e-21,0.7000657319143722,1.070146897345366,0.7388220777869736,0.5458580626254609,0.6517825922394994
q5,0.8112013630013581,0.0911834571890433,8.896365503224558,5.770531958366707e-19,0.6324817869108332,0.9899209390918831,0.7110708053808731,0.5056216902650035,0.6434148135965126
q6,0.9543224305300989,0.09589146623194349,9.952110109796129,2.4689177294021242e-23,0.7663751567154897,1.142269704344708,0.7706283129399514,0.5938679967046756,0.6228271770140613
q7,0.8412659747706555,0.09515521006030818,8.840986996271372,9.487670211283735e-19,0.6547617630524514,1.0277701864888595,0.7088951588322299,0.5025323462157724,0.7005957116333277
q8,0.8694690563476994,0.10150965859908725,8.565382529574554,1.0771763304514718e-17,0.6705101254934884,1.0684279872019105,0.6918651263301903,0.47867735303189013,0.8233262681470619
q9,0.6840473329868215,0.10190896547481527,6.712337131475149,1.9153153577332945e-11,0.4843057606561836,0.8837889053174595,0.5715903863727649,0.3267155697937667,0.9642753122544367