comparison,delta_chi_square,delta_df,p_value
Yapılandırmalı -> Metrik,9.832988058301098,8,0.2769442539305029
Metrik -> Skaler,128.87912367870706,8,4.829820734856213e-24
Metrik -> Kısmi skaler,0.9587072256440621,6,0.9871292964207108
Kısmi skaler -> Kısmi katı,16.81579934311472,9,0.05167990096905399
Kısmi katı -> Eşit gizil varyans,1.4182726873507079,1,0.23368791958196442
Eşit gizil varyans -> Eşit gizil ortalama,12.256245488269997,1,0.0004637035479789877