model,cv_rmse,cv_mae
Model 1,10.13099607143876,8.14652367098406
Model 2,8.119607366124553,6.487718074258389
Model 3,8.136975968634639,6.514962340492853
Model 4,8.114798079773301,6.537381520733376