parameter,coefficient,robust_standard_error,z_value,p_value,ci_low_coefficient,ci_high_coefficient,risk_ratio,rr_ci_low,rr_ci_high
Intercept,-1.7500659747107845,0.3241341941558313,-5.399201954821897,6.693798836173309e-08,-2.3853573214141273,-1.114774628007442,0.17376247914296544,0.09205608009306789,0.3279891901478342
"C(instructional_format, Treatment(reference='Face-to-face'))[T.Hybrid]",0.15077748785255493,0.07996443524143952,1.8855568403291663,0.059354698055859634,-0.005949925264751993,0.3075049009698618,1.1627379059867688,0.9940677404865774,1.3600274739392881
"C(instructional_format, Treatment(reference='Face-to-face'))[T.Online]",-0.23239717871004287,0.11430988214508528,-2.033045388106322,0.04204793764465306,-0.45644043079142815,-0.008353926628657554,0.792631244524009,0.6335347474330102,0.9916808704515641
"C(employment_status, Treatment(reference='Not employed'))[T.Part-time]",-0.010183711321697233,0.08114345882138864,-0.12550255399037666,0.900125703234649,-0.16922196819262791,0.14885454554923344,0.9898679670916574,0.8443214700739778,1.160504176434503
"C(employment_status, Treatment(reference='Not employed'))[T.Full-time]",-0.07578410404190465,0.11606104304362089,-0.6529676285385582,0.5137771480831461,-0.30325956841555457,0.15169136033174524,0.9270163240337753,0.7384074042529936,1.1638009858452874
prior_score,0.008074711258098142,0.00436253859764812,1.8509203018745286,0.06418101958412131,-0.00047570727445804713,0.01662512979065433,1.0081073996629575,0.9995244058563076,1.0167640963049291
study_hours,0.07134809246767665,0.01724577409185711,4.13713481851562,3.516695031774464e-05,0.037546996362122755,0.10514918857323055,1.0739549964561101,1.0382607904153458,1.110876328048222
self_efficacy,0.005186886138397704,0.00749592160479423,0.6919610972292297,0.4889617600580074,-0.00950485023793467,0.01987862251473008,1.0052003613203082,0.9905401780757018,1.0200775180683854