parameter,estimate,standard_error_hc3,p_value_hc3,ci_low_hc3,ci_high_hc3
Intercept,59.65048197795788,2.2811111311886654,1.5403378327257296e-64,55.150619152286296,64.15034480362947
study_hours,2.3411486123665064,0.33096871749496676,2.891736552827645e-11,1.6882589710188993,2.9940382537141135