dimension,eigenvalue,condition_index
1,6.135934846680257,1.0
2,1.021891706075582,2.4504053532788843
3,0.9941737465250035,2.48432966104684
4,0.4020394103505141,3.9066639599537494
5,0.3346488977914198,4.281990212479373
6,0.06449989737641426,9.753508300917911
7,0.019411419839577174,17.779179651551644
8,0.014586670032436244,20.509840847390272
9,0.012813405328797134,21.883061832999793