doctoral_latent_mean,standard_error,ci_low,ci_high
0.3245671096494471,0.09270982951737147,0.14285584379539903,0.5062783755034952