feedback,welch_f,df_num,df_denom,p_value
Standard feedback,0.3232717044163537,2.0,59.4443961340312,0.7250415423110604
Structured feedback,5.017286927924748,2.0,60.663246859279326,0.00962813750581484