delivery_format,structured_mean,standard_mean,difference,standard_error,df,t_value,p_value_unadjusted,p_value_holm,ci_low,ci_high
Face-to-face,77.3875,73.21935483870968,4.168145161290326,2.4417526205128723,59.09261041980922,1.7070300759684809,0.09306649628910187,0.09306649628910187,-0.7176303360335083,9.05392065861416
Online,78.55,71.93103448275862,6.618965517241378,2.79460101453093,50.168016472731864,2.3684831869827265,0.021753500660285908,0.043507001320571816,1.0063099219261717,12.231621112556585
Hybrid,85.00571428571429,73.93333333333334,11.072380952380954,2.7888236105228708,61.656015231667,3.97026936755782,0.00019019727585446486,0.0005705918275633946,5.496983236524769,16.647778668237137