,prior_score,study_hours,online_engagement,final_score,passed
prior_score,1.0,0.18426297032803754,0.14225336857512266,0.545479025137723,0.45954958434173226
study_hours,0.18426297032803754,1.0,0.3791229633443184,0.5977178353241297,0.4847974871344879
online_engagement,0.14225336857512266,0.3791229633443184,1.0,0.3033030782473447,0.25642925377717835
final_score,0.545479025137723,0.5977178353241297,0.3033030782473447,1.0,0.7992883822579886
passed,0.45954958434173226,0.4847974871344879,0.25642925377717835,0.7992883822579886,1.0