quantile,parameter,estimate,standard_error,p_value,ci_low,ci_high
0.5,Intercept,19.060039533127565,7.756804716698586,0.015000417470957367,3.748619327489095,34.371459738766035
0.5,"C(support_group, Treatment(reference='Standard support'))[T.Peer mentoring]",5.969388175057247,2.648300661419436,0.02546300487422039,0.7418175788077068,11.196958771306788
0.5,"C(support_group, Treatment(reference='Standard support'))[T.AI-assisted planning]",8.787034770910395,2.7085932432815993,0.001416983951463449,3.440450600142589,14.1336189416782
0.5,baseline_score,0.7058821376344895,0.11720190996594392,1.0203420381916732e-08,0.47453330806697747,0.9372309672020015
0.75,Intercept,25.84535585731055,8.048529613974207,0.0015793236324500859,9.958089971682492,41.73262174293861
0.75,"C(support_group, Treatment(reference='Standard support'))[T.Peer mentoring]",6.267023420019839,2.737666731868955,0.02329141474339364,0.8630501029652224,11.670996737074457
0.75,"C(support_group, Treatment(reference='Standard support'))[T.AI-assisted planning]",18.862295954565028,2.807354385858121,2.6095137517151573e-10,13.320763811119408,24.40382809801065
0.75,baseline_score,0.6693988925778385,0.11992635077035119,9.183666383858686e-08,0.43267219680056296,0.906125588355114