contrast,estimate,standard_error,df,t_value,p_value,ci_low,ci_high
Lecture versus active methods,8.341223884810828,1.7034578362469772,84.21612486224116,4.896642410115673,4.6493002141889144e-06,4.9538381741508895,11.728609595470768
Adaptive digital versus other active methods,5.932628458498044,2.2441058374293736,64.36162251356072,2.6436491361271437,0.010290293621435303,1.4499967443574944,10.415260172638593