task_complexity,team_size,digital_support,prior_experience_years,predicted_completion_days
2,5,0,4,44.55572061523877
4,5,0,4,61.07891550636834
4,5,1,4,54.75438449176477
4,8,1,4,45.50393091279921