mediator,a_path,b_path,indirect_effect,bootstrap_ci_low,bootstrap_ci_high
Self-efficacy,4.444242015136977,0.5363687969649786,2.3837527430802328,1.543984201552116,3.2809382688067963
Engagement,6.03107833836822,0.11051119884103844,0.66650169747729,0.02213563026649861,1.3297646212554086
Total parallel indirect effect,,,3.0502544405575227,2.1379430102550554,4.009795387062236