n,conditions,chi_square,df,p_value,kendall_w
72,3,75.52777777777771,2,3.975130954173971e-17,0.524498456790123