parameter,estimate,standard_error,p_value,ci_low,ci_high
Intercept,53.288399283593236,3.7919488442811944,7.379949661527677e-45,45.856316117583816,60.720482449602656
treatment[T.Intervention],-0.919719372521857,1.1488599080160844,0.42339242173567015,-3.1714434155153817,1.3320046704716675
time_num,3.57666377042232,1.1726008651180027,0.002286912226045298,1.2784083065505252,5.874919234294115
time_num:treatment[T.Intervention],4.496144621394755,0.654193688819904,6.2952291338358285e-12,3.2139485523943403,5.77834069039517
I(time_num ** 2),-1.4664472009285032,0.5474939031383907,0.007395887062354175,-2.5395155328350096,-0.3933788690219966
prior_score,0.26529502932580173,0.05813713889247976,5.036476331951752e-06,0.15134833093233857,0.3792417277192649
Group Var,0.9281097754922272,0.2729585775808045,0.0006734017215723305,0.3931207941625682,1.463098756821886
Group x time_num Cov,0.07237596127986574,0.0957493061971227,0.4497150359491511,-0.11528923041119256,0.26004115297092406
time_num Var,0.03896493488571465,0.08731737245130985,0.6554203300264574,-0.13217397034352257,0.21010384011495187