sample_size,expected_95_ci_half_width
25,3.9199279690801077
50,2.7718076486993555
75,2.263171468152343
100,1.9599639845400538
150,1.6003038921184365
200,1.3859038243496777
300,1.1315857340761715