support_group,n,mean,sd,median,q1,q3,minimum,maximum,trimmed_mean_20
AI-assisted planning,57,72.68947368421053,18.954029765749087,73.5,62.2,85.3,20.0,100.0,73.21428571428572
Peer mentoring,60,67.35833333333333,18.073543654358122,70.5,57.175000000000004,76.975,26.7,100.0,68.64722222222221
Standard support,58,63.217241379310344,12.4096049095404,65.8,56.725,69.55,29.4,96.0,64.17222222222223