time,mean,sd,median,q1,q3
Baseline,28.801388888888887,6.712831795887247,28.25,23.875,32.625
Post,25.168055555555554,8.51999845250414,24.4,18.65,30.2
Follow-up,22.49583333333333,9.491366536616018,21.950000000000003,15.649999999999999,29.325