component,observed_eigenvalue,random_mean_eigenvalue,random_95th_percentile,retain_by_95th_percentile
1,5.149868242034885,1.3303209620188916,1.431029066810738,True
2,0.688609373702263,1.2177294948049,1.2867745848794807,False
3,0.5770095603851159,1.1337529727199622,1.1920758259608837,False
4,0.5261444256351049,1.0592599161385092,1.1071122925064334,False
5,0.4925791949992018,0.9915479773361653,1.037460196230844,False
6,0.4522797614445376,0.9246925467184761,0.9730507686231044,False
7,0.4044654823333109,0.8575447630880553,0.9072269147886303,False
8,0.38095308078043943,0.7836752442585311,0.838973839115509,False
9,0.32809087868514575,0.701476122916509,0.7662198515422933,False