,intervention,baseline_score,self_efficacy,engagement,final_score
intervention,1.0,-0.06173570851507506,0.3315640625728021,0.3430159508960312,0.20012495328146018
baseline_score,-0.06173570851507506,1.0,0.2517713410946443,0.16981068697807625,0.4875744756155462
self_efficacy,0.3315640625728021,0.2517713410946443,1.0,0.41019605282545585,0.5046429061434813
engagement,0.3430159508960312,0.16981068697807625,0.41019605282545585,1.0,0.32731862800624256
final_score,0.20012495328146018,0.4875744756155462,0.5046429061434813,0.32731862800624256,1.0