components_partialled,average_squared_partial,average_fourth_power_partial
0,0.27039786411198263,0.07632935452355095
1,0.020362379115172094,0.0007677763958562686
2,0.04551060219206319,0.0074306202939085925
3,0.07471252810657164,0.028615404217959897
4,0.12274836286976604,0.048884313277989276
5,0.17788785037624313,0.07331101514938058
6,0.26414150349577414,0.14097443879838148
7,0.4387947588879711,0.31206109448739855
8,0.9999999999999122,0.9999999999998239