treatment,time,n,mean,sd
Control,Baseline,93,69.95268817204301,9.106633886275596
Control,Post,88,72.8340909090909,9.07152785118686
Control,Follow-up,85,70.9635294117647,9.021757392136914
Intervention,Baseline,87,69.99885057471263,7.062536178180621
Intervention,Post,82,75.91829268292683,9.202537600230137
Intervention,Follow-up,77,80.05974025974027,8.941024016183105