effect,sum_sq,df,F,PR(>F)
Intercept,1112651.5423229649,1.0,9733.580468314558,2.9300551614946328e-161
"C(feedback, Sum)",2512.307324089449,1.0,21.977901049871175,5.3562313278203975e-06
"C(delivery_format, Sum)",768.5614634249334,2.0,3.36172402793504,0.03681827758493423
"C(feedback, Sum):C(delivery_format, Sum)",402.53078051586994,2.0,1.7606885867181066,0.1748105354232798
Residual,21033.152646538474,184.0,,