,Preparation,Self-efficacy,Performance
Preparation,86.68991845131512,46.993833230507114,48.228003580420136
Self-efficacy,46.993833230507114,89.17336730091657,56.39277766238704
Performance,48.228003580420136,56.39277766238704,77.92441852210447