item,development_n,observed_n,missing_n,missing_percent
q1,220,218,2,0.9090909090909091
q2,220,220,0,0.0
q3,220,219,1,0.45454545454545453
q4,220,217,3,1.3636363636363635
q5,220,218,2,0.9090909090909091
q6,220,220,0,0.0
q7,220,219,1,0.45454545454545453
q8,220,218,2,0.9090909090909091
q9,220,217,3,1.3636363636363635
q10,220,218,2,0.9090909090909091
q11,220,217,3,1.3636363636363635
q12,220,217,3,1.3636363636363635