study_hours,mean,mean_se,mean_ci_lower,mean_ci_upper,obs_ci_lower,obs_ci_upper
5.0,71.35622503979042,0.8694203772043839,69.64115189768324,73.07129818189759,51.492765862575865,91.21968421700497
10.0,83.06196810162294,0.9888551760701039,81.1112903876213,85.01264581562458,63.17678069627033,102.94715550697555
15.0,94.76771116345547,1.9550538082847806,90.9110494542541,98.62437287265685,74.60612952556527,114.92929280134568