item,one_factor_loading,communality,uniqueness,msa
q1,0.772180228671997,0.5962623055519376,0.4037376944480624,0.9256587292528369
q2,0.7445805100886214,0.5544001360038315,0.44559986399616847,0.9387194451631895
q3,0.7446316436853954,0.5544762847776136,0.44552371522238643,0.9322915233406197
q4,0.7468959646890125,0.5578535820687307,0.4421464179312693,0.948652171028136
q5,0.700726372469086,0.4910174490736842,0.5089825509263157,0.9475842365227947
q6,0.6841342755550117,0.4680397069891807,0.5319602930108194,0.9406880920302177
q7,0.7614060322884307,0.5797391460052108,0.4202608539947892,0.9438658337133277
q8,0.7157575023028527,0.5123088021028183,0.48769119789718174,0.9417895935974093
q9,0.6028893154795615,0.3634755267194142,0.6365244732805858,0.9446879140803165