model,n,free_parameters,df,chi_square,p_value,cfi,tli,rmsea,rmsea_90_ci_low,rmsea_90_ci_high,p_close,srmr,aic,bic
M0: Three-factor measurement model,360,21,24,29.252128279472146,0.21078620309144253,0.9962967520017347,0.9944451280026022,0.02468964339795002,0.0,0.051801419785940245,0.9350302271814355,0.028390678418577054,22955.31235270351,23036.862122861763
M1: Partial latent mediation,360,21,24,29.252128279563976,0.21078620308809132,0.99629675200167,0.9944451280025051,0.024689643398165862,0.0,0.05180141978608172,0.9350302271801241,0.028390684735750783,22955.3123527036,23036.862122861854
M2: Full latent mediation,360,20,25,53.18795172671328,0.0008457934372794013,0.9801248236424189,0.9713797460450833,0.05604211679927961,0.03495902836324098,0.0769558962445342,0.2935605488555986,0.06276119262628949,22977.24817615075,23054.91462392052
M3: Direct-only structural model,360,20,25,89.05933917216441,4.071666404224584e-09,0.9548320972115797,0.9349582199846747,0.08448390868669671,0.06590618799083804,0.10381240755797662,0.0015769546522308277,0.09592748138460278,23013.119563596207,23090.786011365974