moderator_level,workload_c,workload_original_scale,conditional_a_path,b_path,conditional_indirect_effect,bootstrap_ci_low,bootstrap_ci_high,conditional_total_effect
Low workload: mean - 1 SD,-9.704571406285663,40.24174438318802,5.386637816744337,0.60923319776544,3.2817185822994013,2.19009936650014,4.553212937074189,3.1067680147173826
Mean workload,0.0,49.94631578947368,3.6162627237300797,0.60923319776544,2.2031473031380364,1.4284395731955286,3.106264611335838,2.0281967355560173
High workload: mean + 1 SD,9.704571406285663,59.65088719575934,1.8458876307158218,0.60923319776544,1.1245760239766718,0.1403862541174558,2.221784590252136,0.9496254563946529