effect,sum_sq,df,f_value,p_value,partial_eta_squared,partial_omega_squared
"C(feedback, Sum)",2512.307324089449,1.0,21.977901049871175,5.3562313278203975e-06,0.10670028647660561,0.10135333745034243
"C(delivery_format, Sum)",768.5614634249334,2.0,3.36172402793504,0.03681827758493423,0.035252341148428325,0.024636778149815162
"C(feedback, Sum):C(delivery_format, Sum)",402.53078051586994,2.0,1.7606885867181066,0.1748105354232798,0.01877853728740129,0.008070051238998613