method,statistic,df_num,df_denom,p_value
Classical one-way ANOVA,4.626734924450293,2.0,172.0,0.011036264863572304
Welch ANOVA,5.098783913325436,2.0,110.11023154637707,0.007625073341057302
Kruskal-Wallis,11.349359381991038,2.0,,0.0034317680264706724
Brown-Forsythe variance test,4.074065163001876,2.0,172.0,0.018676141166234523
Permutation F test,4.626734924450293,,,0.011797640471905619