parameter,coefficient,standard_error,p_value,ci_low_coefficient,ci_high_coefficient,incidence_rate_ratio,irr_ci_low,irr_ci_high
Intercept,-2.6082248745884367,0.29712691187653945,1.6618417910962908e-18,-3.1905829207040606,-2.0258668284728127,0.07366519272515791,0.04114787799674325,0.13187947674152617
"C(delivery_format, Treatment(reference='Face-to-face'))[T.Hybrid]",0.4442483989150819,0.14467457511190182,0.002135764851607214,0.16069144221711945,0.7278053556130444,1.559317770361795,1.174322566538208,2.070531537287774
"C(delivery_format, Treatment(reference='Face-to-face'))[T.Online]",0.4907338361780645,0.15150412280917927,0.0011991631625994166,0.1937912119627398,0.7876764603933892,1.633514512272976,1.2138428206371406,2.1982826906747315
"C(employment_status, Treatment(reference='Not employed'))[T.Part-time]",0.05822813982056207,0.1381379930042728,0.6733742842101352,-0.21251735136445854,0.3289736310055827,1.0599567864792585,0.8085462868184331,1.3895412142999932
"C(employment_status, Treatment(reference='Not employed'))[T.Full-time]",0.2785230462631735,0.16292301914293036,0.08735139133254916,-0.04080020350949981,0.5978462960358468,1.3211770532392,0.9600209195982539,1.8181987187698685
stress_score,0.04462787198820696,0.009199512558532356,1.2277077112058765e-06,0.026597158698159616,0.0626585852782543,1.0456386760585263,1.0269540199303586,1.0646632854541749
alpha,0.9324771461956141,0.10688729308050086,2.687118384529623e-18,0.722981901352855,1.141972391038373,,,