n,mean_completion_days,sd_completion_days,median_completion_days,deviance,deviance_per_df,pearson_chi_square,pearson_dispersion,scale,aic
320,49.089375000000004,23.302647008481262,45.915,51.036986406797794,0.16202217906919936,49.292832021677796,0.15648518102119935,0.15648518102119993,2758.3097491731564