n_per_group,true_difference,empirical_power,type_s_error_given_significance,type_m_exaggeration_ratio_given_significance,mean_estimate_all_repetitions,mean_estimate_significant_repetitions,significant_repetitions,simulation_repetitions
25,3.0,0.14385,0.018074383037886686,2.7719518009211126,3.0157126236375666,8.046419244489915,2877,20000
50,3.0,0.23445,0.0027724461505651524,2.039043730120772,2.9887423164033113,6.087922353563345,4689,20000
100,3.0,0.41685,0.00011994722322178242,1.526108427177444,3.0002364977372125,4.57755727431491,8337,20000
200,3.0,0.70915,0.0,1.2026549799147397,3.0240606308099474,3.607964939744219,14183,20000