model,chi_square,df,p_value,cfi,tli,rmsea,srmr
Yapılandırmalı,50.045764831564696,54,0.6276353121489241,1.0,1.0017717367965073,0.0,0.020299801268017996
Metrik,59.878752889865794,62,0.5527547857966698,1.0,1.000827808810981,0.0,0.027238074803793533
Skaler,188.75787656857284,70,7.541964571494538e-13,0.9600919601081397,0.9589517303969436,0.05717399151750596,0.031551261571017404
Kısmi skaler,60.837460115509856,68,0.718858600476258,1.0,1.002548523315098,0.0,0.027155972200737514
Kısmi katı,77.65325945862458,77,0.457707888494121,0.9997804751542566,0.9997947300143698,0.004043093750726138,0.028825427710175135
Eşit gizil varyans,79.07153214597528,78,0.4448240816491669,0.9996399165355377,0.9996676152635733,0.00514483702423224,0.03784519474894511
Eşit gizil ortalama,91.32777763424528,79,0.1619840313328709,0.9958573068513786,0.9962243809278388,0.017339843420731867,0.0381732982013846