item,msa
q1,0.9514478427925822
q2,0.9453999767320921
q3,0.8132172610542181
q4,0.9699712282581314
q5,0.9340145984967451
q6,0.950515852426684
q7,0.9452716311045446
q8,0.9545546062831274
q9,0.9482660046455116
q10,0.8436955351687874
q11,0.8092338084252503
q12,0.8792459149011049