bootstrap_repetitions,indirect_effect,percentile_ci_low,percentile_ci_high,sobel_z,sobel_p,proportion_mediated_descriptive
5000,2.579743459746496,1.734063204407448,3.4812234224367415,5.4806355230960095,4.2380074118186815e-08,0.5576026535767215